--Добавляем первые данные

--Возможности
INSERT INTO public.permissions (id, code, description) VALUES
(1, 'view_products', 'Просмотр товаров'),
(2, 'create_product', 'Создание товаров'),
(3, 'edit_product', 'Редактирование товаров'),
(4, 'delete_product', 'Удаление товаров'),
(5, 'view_orders', 'Просмотр заказов'),
(6, 'edit_order', 'Редактирование заказов'),
(7, 'manager_users', 'Управление пользователями');

--Роли
INSERT INTO public.roles (id, name) VALUES
(1, 'customer'),
(2, 'admin'),
(3, 'manager');

--Роли-возможности(мост)
INSERT INTO public.role_permissions (role_id, permission_id) VALUES
(1, 1), (1, 5),
(2, 1), (2, 2), (2, 3), (2, 4), (2, 5), (2, 6), (2, 7),
(3, 1), (3, 2), (3, 3), (3, 5), (3, 6);

--Первые пользователи
INSERT INTO public.users (id, email, password_hash, role_id, name) VALUES
(1, 'manager@example.com', '$2b$10$92IXUNpkjO0rOQ5byMi.Ye4oKoEa3Ro9llC/.og/at2.uheWG/igi', 3, 'Unknown'),
(2, 'user@example.com', '$2b$10$92IXUNpkjO0rOQ5byMi.Ye4oKoEa3Ro9llC/.og/at2.uheWG/igi', 1, 'Unknown'),
(3, 'admin@example.com', '$2b$10$92IXUNpkjO0rOQ5byMi.Ye4oKoEa3Ro9llC/.og/at2.uheWG/igi', 2, 'Unknown'),
(4, 'art.nek.13@gmail.com', '$2b$10$eIjgxgpKzd.GoBll11oKe.l2HvMscI55hRH7/dYWxGg9ZOHZHaWYC', NULL, 'Артем');

--Первые товары
INSERT INTO public.products (id, name, price, discount_percent, category, created_at, updated_at, image_url, rating) VALUES
(1, 'Г/Ц Блинчики с мясом вес, Россия', 50.50, 50.00, 'meat', '2025-08-28 17:58:14.763315', '2025-08-28 17:58:14.763315', 'product1.png', 2.0),
(3, 'Комбайн КЗС-1218 «ДЕСНА-ПОЛЕСЬЕ GS12»', 599.99, NULL, 'meat', '2025-08-28 18:02:26.986562', '2025-08-28 18:02:26.986562', 'product2.png', 2.0),
(4, 'Молоко ПРОСТОКВАШИНО паст. питьевое цельное отборное...', 140.50, 50.00, 'milk', '2025-09-14 16:11:56.380854', '2025-09-14 16:11:56.380854', 'product3.png', 2.5),
(5, 'Молоко сгущенное РОГАЧЕВ Егорка, цельное с сахаром...', 168.50, 50.00, 'milk', '2025-09-14 16:11:56.380854', '2025-09-14 16:11:56.380854', 'product4.png', 2.5),
(6, 'Колбаса сырокопченая МЯСНАЯ ИСТОРИЯ Сальчичон и Тоскан...', 50.50, 25.00, 'meat', '2025-09-14 16:11:56.380854', '2025-09-14 16:11:56.380854', 'product5.png', 5.0),
(7, 'Сосиски вареные МЯСНАЯ ИСТОРИЯ Молочные и С сыро...', 50.50, 15.00, 'meat', '2025-09-14 16:11:56.380854', '2025-09-14 16:11:56.380854', 'product6.png', 4.5),
(8, 'Говядина вырезка', 650.00, 25.00, 'meat', '2025-09-14 16:32:11.058018', '2025-09-14 16:32:11.058018', 'product1.png', 4.8),
(9, 'Свиная шея', 480.00, 30.00, 'meat', '2025-09-14 16:32:11.058018', '2025-09-14 16:32:11.058018', 'product2.png', 4.5),
(10, 'Куриное филе', 320.00, 20.00, 'meat', '2025-09-14 16:32:11.058018', '2025-09-14 16:32:11.058018', 'product3.png', 4.6),
(11, 'Индейка грудка', 450.00, 25.00, 'meat', '2025-09-14 16:32:11.058018', '2025-09-14 16:32:11.058018', 'product4.png', 4.7),
(12, 'Баранина на кости', 750.00, 35.00, 'meat', '2025-09-14 16:32:11.058018', '2025-09-14 16:32:11.058018', 'product5.png', 4.9),
(13, 'Свиные ребрышки', 520.00, 30.00, 'meat', '2025-09-14 16:32:11.058018', '2025-09-14 16:32:11.058018', 'product6.png', 4.4),
(14, 'Куриные окорочка', 280.00, 20.00, 'meat', '2025-09-14 16:32:11.058018', '2025-09-14 16:32:11.058018', 'product7.png', 4.3),
(15, 'Говяжий фарш', 380.00, 25.00, 'meat', '2025-09-14 16:32:11.058018', '2025-09-14 16:32:11.058018', 'product8.png', 4.5),
(16, 'Свиная вырезка', 550.00, 30.00, 'meat', '2025-09-14 16:32:11.058018', '2025-09-14 16:32:11.058018', 'product9.png', 4.7),
(17, 'Утка целиком', 890.00, 40.00, 'meat', '2025-09-14 16:32:11.058018', '2025-09-14 16:32:11.058018', 'product10.png', 4.6),
(18, 'Молоко 3.2%', 85.00, 20.00, 'milk', '2025-09-14 16:32:11.058018', '2025-09-14 16:32:11.058018', 'product11.png', 4.2),
(19, 'Йогурт греческий', 120.00, 25.00, 'milk', '2025-09-14 16:32:11.058018', '2025-09-14 16:32:11.058018', 'product12.png', 4.5),
(20, 'Сметана 20%', 95.00, 20.00, 'milk', '2025-09-14 16:32:11.058018', '2025-09-14 16:32:11.058018', 'product13.png', 4.3),
(21, 'Творог 5%', 130.00, 25.00, 'milk', '2025-09-14 16:32:11.058018', '2025-09-14 16:32:11.058018', 'product14.png', 4.6),
(22, 'Сыр Гауда', 450.00, 30.00, 'milk', '2025-09-14 16:32:11.058018', '2025-09-14 16:32:11.058018', 'product15.png', 4.8),
(23, 'Кефир 2.5%', 75.00, 20.00, 'milk', '2025-09-14 16:32:11.058018', '2025-09-14 16:32:11.058018', 'product16.png', 4.1),
(24, 'Сливки 33%', 180.00, 25.00, 'milk', '2025-09-14 16:32:11.058018', '2025-09-14 16:32:11.058018', 'product17.png', 4.4),
(25, 'Масло сливочное', 280.00, 30.00, 'milk', '2025-09-14 16:32:11.058018', '2025-09-14 16:32:11.058018', 'product18.png', 4.7),
(26, 'Ряженка 4%', 80.00, 20.00, 'milk', '2025-09-14 16:32:11.058018', '2025-09-14 16:32:11.058018', 'product19.png', 4.3),
(27, 'Моцарелла', 380.00, 35.00, 'milk', '2025-09-14 16:32:11.058018', '2025-09-14 16:32:11.058018', 'product20.png', 4.9),
(28, 'Помидоры черри', 250.00, 25.00, 'vegetables', '2025-09-14 16:32:11.058018', '2025-09-14 16:32:11.058018', 'product21.png', 4.6),
(29, 'Огурцы грунтовые', 180.00, 20.00, 'vegetables', '2025-09-14 16:32:11.058018', '2025-09-14 16:32:11.058018', 'product22.png', 4.4),
(30, 'Картофель молодой', 90.00, 20.00, 'vegetables', '2025-09-14 16:32:11.058018', '2025-09-14 16:32:11.058018', 'product23.png', 4.3),
(31, 'Морковь свежая', 60.00, 20.00, 'vegetables', '2025-09-14 16:32:11.058018', '2025-09-14 16:32:11.058018', 'product24.png', 4.2),
(32, 'Лук репчатый', 70.00, 20.00, 'vegetables', '2025-09-14 16:32:11.058018', '2025-09-14 16:32:11.058018', 'product25.png', 4.1),
(33, 'Капуста белокочанная', 85.00, 20.00, 'vegetables', '2025-09-14 16:32:11.058018', '2025-09-14 16:32:11.058018', 'product26.png', 4.0),
(34, 'Болгарский перец', 320.00, 30.00, 'vegetables', '2025-09-14 16:32:11.058018', '2025-09-14 16:32:11.058018', 'product27.png', 4.7),
(35, 'Баклажаны', 280.00, 25.00, 'vegetables', '2025-09-14 16:32:11.058018', '2025-09-14 16:32:11.058018', 'product28.png', 4.5),
(36, 'Кабачки цукини', 210.00, 25.00, 'vegetables', '2025-09-14 16:32:11.058018', '2025-09-14 16:32:11.058018', 'product29.png', 4.4),
(37, 'Чеснок', 150.00, 20.00, 'vegetables', '2025-09-14 16:32:11.058018', '2025-09-14 16:32:11.058018', 'product30.png', 4.8),
(38, 'Яблоки Гренни Смит', 190.00, 20.00, 'fruits', '2025-09-14 16:32:11.058018', '2025-09-14 16:32:11.058018', 'product31.png', 4.5),
(39, 'Бананы', 120.00, 20.00, 'fruits', '2025-09-14 16:32:11.058018', '2025-09-14 16:32:11.058018', 'product32.png', 4.3),
(40, 'Апельсины', 220.00, 25.00, 'fruits', '2025-09-14 16:32:11.058018', '2025-09-14 16:32:11.058018', 'product33.png', 4.6),
(41, 'Клубника', 450.00, 35.00, 'fruits', '2025-09-14 16:32:11.058018', '2025-09-14 16:32:11.058018', 'product34.png', 4.9),
(42, 'Виноград зеленый', 380.00, 30.00, 'fruits', '2025-09-14 16:32:11.058018', '2025-09-14 16:32:11.058018', 'product35.png', 4.7),
(43, 'Персики', 290.00, 25.00, 'fruits', '2025-09-14 16:32:11.058018', '2025-09-14 16:32:11.058018', 'product36.png', 4.6),
(44, 'Груши Конференц', 210.00, 20.00, 'fruits', '2025-09-14 16:32:11.058018', '2025-09-14 16:32:11.058018', 'product37.png', 4.4),
(45, 'Мандарины', 180.00, 25.00, 'fruits', '2025-09-14 16:32:11.058018', '2025-09-14 16:32:11.058018', 'product38.png', 4.5),
(46, 'Лимоны', 150.00, 20.00, 'fruits', '2025-09-14 16:32:11.058018', '2025-09-14 16:32:11.058018', 'product39.png', 4.3),
(47, 'Авокадо', 320.00, 40.00, 'fruits', '2025-09-14 16:32:11.058018', '2025-09-14 16:32:11.058018', 'product40.png', 4.8);